No.,  Name,           Rf,    Molas Mass,   Symbol,    Letter,    Formula,    
1,     Alanine,      0.30,    89.09,        Ala,        A,        C3H7NO2,
2,    Arginine,      0.16,   174.20,        Arg,        R,       C6H14N4O2,
3,   Asparagine,     0.21,   132.12,        Asn,        N,       C4H8N2O3,
4,  Aspartic Acid,   0.24,   133.10,        Asp,        D,        C4H7NO4,
5,    Cysteine,      0.37,   121.16,        Cys,        C,       C3H7NO2S,
6,  Glutamic Acid,   0.31,   147.13,        Glu,        E,        C5H9NO4,
7,   Glutamine,      0.25,   146.14,        Gln,        Q,       C5H10N2O3,
8,    Glycine,       0.25,    75.07,        Gly,        G,        C2H5NO2,
9,   Histidine,      0.12,   155.15,        His,        H,       C6H9N3O2,
10,  Isoleucine,     0.53,   131.17,        Lle,        I,       C6H13NO2,
11,   Leucine,       0.61,   131.18,        Leu,        L,       C6H13NO2,
12,    Lysine,       0.12,   146.19,        Lys,        K,       C6H14N2O2,
13,  Methionine,     0.51,   149.21,        Met,        M,       C5H11NO2S,	
14,  Phenylalanine,  0.62,   165.19,        Phe,        F,       C9H11NO2,
15,    Proline,      0.24,   115.13,        Pro,        P,        C5H9NO2,
16,    Serine,       0.26,   105.09,        Ser,        S,        C3H7NO3,
17,   Threonine,     0.30,   119.12,        Thr,        T,        C4H9NO3,
18,   Tryptophan,    0.61,   204.23,        Trp,        W,       C11H12NO3,
19,    Tyrosine,     0.55,   181.19,        Tyr,        Y,       C9H11NO3,
20,     Valine,      0.44,   117.15,        Val,        V,        C5H11NO2,
